<?xml version="1.0"?>
<doc>
    <assembly>
        <name>Brain</name>
    </assembly>
    <members>
        <member name="M:Brain.Program.ChangeParametresServeur(Brain.ParametresReveil)">
            <summary>
            Permet de régler les paramètres de l'alarme
            </summary>
            <param name="newParametres">de type ParametresReveil { bool IsActive, bool BigSleeper, bool ManualMode</param>
        </member>
        <member name="M:Brain.Program.ChangeAlarm(Brain.Alarme)">
            <summary>
            Change l'heure et l'activation de l'alarme
            </summary>
            <param name="newAlarm">de type Alarm {bool IsRinging,string AlarmHour,string AlarmMinutes}</param>
        </member>
        <member name="M:Brain.Program.StopAlarm">
            <summary>
            Fonction qui permet d'éteindre l'alarme 
            </summary>
        </member>
    </members>
</doc>
