<?xml version="1.0"?>
<doc>
    <assembly>
        <name>Brain</name>
    </assembly>
    <members>
        <member name="M:Brain.Program.ChangeParametresServeur(Brain.ParametresReveil)">
            <summary>
            Permet de régler les paramètres de l'alarme
            </summary>
            <param name="newParametres">de type ParametresReveil { bool IsActive, bool BigSleeper, int AlarmMode</param>
        </member>
        <member name="M:Brain.Program.ChangeAlarm(Brain.Alarme)">
            <summary>
            Change l'heure et l'activation de l'alarme
            </summary>
            <param name="newAlarm">de type Alarm {bool IsRinging,string AlarmHour,string AlarmMinutes}</param>
        </member>
        <member name="M:Brain.Program.ChangementEtatReveil(System.Int32)">
            <summary>
            Permet d'interragir avec le controlleur du réveil
            </summary>
            <param name="ActionNumber">Numéro d'action souhaité 0 = Arret réveil, 1 = Snooze</param>
        </member>
    </members>
</doc>
