﻿<?xml version="1.0" encoding="utf-8" ?>
<Package xmlns="http://schemas.myconstellation.io/Constellation/1.8/PackageManifest"
         Name="Brain"
         Version="1.0"
         Author="derco"
         URL="http://www.mywebsite.com"
         Description="Brain Copyright ©  2018"
         EnableControlHub="false">
  <Compatibility constellationVersion="1.8" dotNetTargetPlatform="net40">
    <Platforms>
      <Platform id="Win32NT" isCompliant="true" />
      <Platform id="Unix" isCompliant="true" />
    </Platforms>
  </Compatibility>
  <Settings>
    <!-- Add your package's settings here -->
    <Setting name ="Interval"
               type="Int32"
               description="Intervalle de rafraîchissement en ms"
               isRequired="false"
               defaultValue="3000"/>
  </Settings>
</Package>