﻿<?xml version="1.0" encoding="utf-8" ?>
<Package xmlns="http://schemas.myconstellation.io/Constellation/1.8/PackageManifest"
         Name="GeocodingApi"
         Version="1.0"
         Author="Mathilde Christiaens"
         URL="http://www.mywebsite.com"
         Description="GeocodingApi Copyright ©  2018"
         EnableControlHub="false">
  <Compatibility constellationVersion="1.8" dotNetTargetPlatform="net45">
    <Platforms>
      <Platform id="Win32NT" isCompliant="true" />
      <Platform id="Unix" isCompliant="true" />
    </Platforms>
  </Compatibility>
  <Settings>
    <Setting name ="Interval"
         type="Int32"
         description="Intervalle de rafraîchissement en ms"
         isRequired="true"
         defaultValue="300000"/>
  </Settings>
</Package>